{
  "name" : "PizzaSize",
  "type" : "ENUMVALUES",
  "enumValues" : [ {
    "canonicalName" : "Large",
    "synonyms" : [ "Big", "Grande", "Biggest" ]
  }, {
    "canonicalName" : "Medium",
    "synonyms" : [ "Middle" ]
  }, {
    "canonicalName" : "Small",
    "synonyms" : [ "Personal", "Smallest" ]
  } ],
  "namedEntityRuleParams" : [ ],
  "multiValue" : false,
  "fuzzyMatch" : false,
  "promptForDisambiguation" : true,
  "botPrompts" : [ {
    "text" : "Please enter Entity1",
    "sequenceNr" : null
  } ],
  "validationRules" : [ ],
  "compositeBagItems" : [ ]
}