{
  "name" : "PizzaTopping",
  "type" : "ENUMVALUES",
  "enumValues" : [ {
    "canonicalName" : "American Hot",
    "synonyms" : null
  }, {
    "canonicalName" : "Hot and Spicy",
    "synonyms" : null
  }, {
    "canonicalName" : "Meaty",
    "synonyms" : null
  }, {
    "canonicalName" : "Veggie",
    "synonyms" : null
  } ],
  "namedEntityRuleParams" : [ ],
  "multiValue" : false,
  "fuzzyMatch" : false,
  "promptForDisambiguation" : true,
  "botPrompts" : [ {
    "text" : "Please enter Entity2",
    "sequenceNr" : null
  } ],
  "validationRules" : [ ],
  "compositeBagItems" : [ ]
}